date,temp_hi,temp_avg,temp_lo,dew_hi,dew_avg,dew_low,hum_hi,hum_avg,hum_lo,sealvl_hi,sealvl_avg,sealvl_lo,visib_hi,visib_avg,visib_lo,wind_hi,wind_avg,precip_sum,events
1/1/2017,46,44,41,28,22,16,50,41,31,30.44,30.17,29.89,10,10,10,12,5,0,
1/2/2017,39,38,37,38,34,23,96,83,51,30.5,30.41,30.26,10,7,2,15,9,0.2,Rain
1/3/2017,43,41,39,43,40,38,100,98,96,30.27,29.8,29.49,10,4,2,17,12,0.59,Rain
1/4/2017,52,44,34,42,34,10,100,74,30,29.73,29.52,29.44,10,9,5,17,6,0,
1/5/2017,33,30,27,15,10,7,52,42,38,30,29.92,29.75,10,10,10,13,8,0,
1/6/2017,33,29,25,25,18,7,92,66,39,30.27,30.04,29.92,10,6,0,10,5,0.05,"Fog , Snow"
1/7/2017,26,23,20,18,14,4,91,67,42,30.32,30.2,30.11,10,3,0,17,8,0.32,"Fog , Snow"
1/8/2017,25,21,16,8,4,0,68,52,35,30.6,30.34,30.16,10,10,8,18,9,0,
1/9/2017,23,19,14,9,4,0,59,52,45,30.76,30.68,30.61,10,10,10,13,5,0,
1/10/2017,46,34,21,39,22,9,82,63,43,30.64,30.49,30.19,10,10,10,14,5,0,
1/11/2017,52,47,42,45,40,36,93,74,54,30.33,30.24,30.16,10,7,2,16,6,0.52,Rain
1/12/2017,66,57,47,52,50,46,93,78,63,30.16,30.07,29.97,10,10,5,16,8,0.05,Rain
1/13/2017,62,47,32,53,29,13,80,55,30,30.69,30.41,30.09,10,10,10,17,7,0,
1/14/2017,34,31,28,29,23,12,92,69,45,30.7,30.51,30.31,10,5,0,9,4,0.12,"Fog , Snow"
1/15/2017,38,34,30,28,22,19,85,67,48,30.41,30.34,30.27,10,10,8,10,4,0,
1/16/2017,43,37,30,25,21,16,63,53,43,30.47,30.39,30.28,10,10,10,13,5,0,
1/17/2017,42,40,38,38,35,25,100,77,54,30.27,30.13,29.96,10,4,2,15,5,0.35,Rain
1/18/2017,41,40,38,39,37,36,100,90,79,30.06,29.96,29.87,10,8,2,14,6,0.06,Rain
1/19/2017,49,44,39,36,34,32,85,71,56,30.07,30.02,29.99,10,10,10,12,4,0,
1/20/2017,45,43,40,40,36,30,93,79,65,30.03,29.96,29.92,10,8,3,10,4,0.1,Rain
1/21/2017,49,45,41,45,42,40,100,90,80,29.94,29.85,29.78,7,4,1,12,4,0,
1/22/2017,48,46,43,45,43,40,100,91,82,29.83,29.75,29.68,10,4,0,21,7,0.05,"Fog , Rain"
1/23/2017,44,40,36,40,35,30,100,85,70,29.85,29.72,29.46,10,8,2,33,18,1.16,Rain
1/24/2017,38,37,35,36,35,30,100,93,85,29.47,29.38,29.31,10,5,1,24,10,1.18,Rain
1/25/2017,51,44,36,34,30,27,76,63,50,29.67,29.6,29.49,10,10,10,18,7,0,
1/26/2017,56,50,43,43,33,25,80,61,42,29.57,29.45,29.33,10,10,6,21,7,0.02,Rain
1/27/2017,43,40,36,27,24,19,55,47,39,29.66,29.62,29.57,10,10,10,18,9,0,
1/28/2017,39,37,34,23,20,19,59,52,44,29.75,29.68,29.63,10,10,10,16,8,0,
1/29/2017,43,39,35,24,18,11,59,43,27,29.73,29.71,29.66,10,10,10,15,6,0,
1/30/2017,37,34,30,19,12,7,59,46,32,29.97,29.81,29.73,10,10,10,15,6,0,
1/31/2017,34,30,26,29,22,7,92,64,36,30.01,29.87,29.75,10,5,0,12,4,0.06,"Fog , Snow"
2/1/2017,47,40,33,29,26,23,82,60,38,30.04,29.93,29.84,10,10,7,16,6,0,
2/2/2017,45,39,32,27,20,14,64,46,28,30.19,30.08,30.01,10,10,10,16,5,0,
2/3/2017,33,30,26,11,9,4,46,39,31,30.25,30.18,30.09,10,10,10,17,7,0,
2/4/2017,34,28,22,8,5,2,47,38,28,30.4,30.31,30.23,10,10,10,16,8,0,
2/5/2017,43,37,31,22,17,8,52,44,36,30.24,29.99,29.83,10,10,10,16,7,0,
2/6/2017,49,43,36,34,24,16,70,51,31,30.15,30.05,29.93,10,10,8,13,5,0,
2/7/2017,42,39,36,38,36,33,100,85,70,29.99,29.87,29.6,9,3,0,15,7,0.27,"Fog , Rain"
2/8/2017,62,50,38,47,38,29,100,73,46,29.73,29.61,29.53,10,6,1,13,5,0.03,Rain
2/9/2017,44,32,19,30,21,0,100,71,41,30.08,29.65,29.53,10,4,0,23,12,1.16,"Fog , Snow"
2/10/2017,32,26,19,19,10,4,56,46,36,30.23,30.17,30.09,10,9,2,16,9,T,Snow
2/11/2017,48,39,30,28,24,18,69,54,38,30.1,29.98,29.88,10,10,9,13,4,0,
2/12/2017,40,35,30,34,30,25,100,82,64,30.12,29.87,29.59,10,5,2,17,7,0.46,"Rain , Snow"
2/13/2017,39,35,31,34,23,16,92,70,47,29.98,29.77,29.58,10,10,6,28,12,0.02,Rain
2/14/2017,41,35,28,29,21,17,64,56,48,29.99,29.87,29.73,10,10,10,13,5,0,
2/15/2017,47,41,35,33,30,24,82,68,53,29.69,29.46,29.3,10,10,7,18,7,T,
2/16/2017,35,32,28,24,16,13,64,54,43,29.79,29.61,29.46,10,10,10,17,11,0,
2/17/2017,41,34,26,15,15,13,63,41,19,29.91,29.85,29.8,10,10,10,16,9,0,
2/18/2017,63,49,35,33,25,14,48,39,30,29.89,29.76,29.66,10,10,10,16,6,0,
2/19/2017,65,59,53,36,32,28,43,35,26,29.98,29.81,29.67,10,10,10,14,6,0,
2/20/2017,55,47,39,33,22,10,58,38,18,30.36,30.19,30,10,10,10,18,7,0,
2/21/2017,47,41,34,32,23,8,67,47,27,30.39,30.29,30.12,10,10,10,14,6,0,
2/22/2017,57,50,42,42,37,33,71,59,47,30.09,29.98,29.88,10,10,8,12,3,0,
2/23/2017,65,55,44,52,47,40,86,75,63,29.93,29.87,29.8,10,8,3,13,4,0,
2/24/2017,70,64,58,56,53,50,84,69,53,29.95,29.89,29.85,10,10,10,14,6,0,
2/25/2017,63,54,44,57,51,34,100,88,76,29.87,29.66,29.48,10,7,0,20,7,0.54,"Fog , Rain"
2/26/2017,44,40,36,32,18,13,67,49,30,30.27,30,29.7,10,10,10,18,9,0,
2/27/2017,54,45,35,30,22,16,52,39,26,30.43,30.37,30.29,10,10,10,16,6,0,
2/28/2017,59,53,47,51,43,30,96,73,50,30.39,30.24,29.99,10,10,7,10,4,0,
3/1/2017,70,62,54,59,54,49,93,73,53,29.98,29.67,29.41,10,8,2,16,6,0.12,Rain
3/2/2017,64,50,35,50,20,8,60,44,27,30.09,29.76,29.41,10,10,10,26,11,0,
3/3/2017,39,32,24,14,8,1,49,35,21,30.45,30.24,30.11,10,10,10,18,8,0,
3/4/2017,30,24,17,5,-1,-9,49,37,25,30.6,30.51,30.45,10,10,10,20,9,0,
3/5/2017,37,26,14,-1,-7,-14,40,26,12,30.67,30.58,30.5,10,10,10,14,5,0,
3/6/2017,45,36,26,25,11,-2,50,35,20,30.54,30.48,30.41,10,10,10,10,3,0,
3/7/2017,56,49,42,47,42,27,93,71,49,30.41,30.23,30.01,10,8,4,13,4,0.1,Rain
3/8/2017,59,53,47,52,32,15,83,53,22,30.02,29.94,29.88,10,10,9,17,8,0.02,Rain
3/9/2017,61,54,47,25,17,12,39,28,16,29.99,29.95,29.9,10,10,10,23,9,0,
3/10/2017,47,35,23,32,24,7,92,63,34,30.02,29.87,29.78,10,5,0,20,8,0.31,"Fog , Snow"
3/11/2017,29,23,17,9,3,-3,54,44,33,30.26,30.16,30.06,10,10,10,18,10,0,
3/12/2017,29,24,19,4,2,0,49,40,31,30.43,30.31,30.26,10,10,10,17,9,0,
3/13/2017,36,27,19,22,7,0,69,44,24,30.52,30.42,30.26,10,10,10,12,5,0,
3/14/2017,32,27,21,30,25,8,100,79,57,30.22,29.59,29.13,10,3,0,28,14,1.97,"Fog , Snow"
3/15/2017,26,23,20,14,9,7,62,52,42,29.86,29.63,29.5,10,10,8,21,12,0,
3/16/2017,39,32,24,11,10,8,55,41,27,30.12,29.96,29.87,10,10,10,20,8,0,
3/17/2017,47,38,29,17,14,7,53,36,19,30.28,30.2,30.13,10,10,10,15,7,0,
3/18/2017,39,37,34,33,27,16,100,70,40,30.23,30.18,30.14,10,7,2,20,9,0.08,Snow
3/19/2017,47,41,34,27,21,11,70,47,23,30.2,30.16,30.11,10,10,10,18,8,0,
3/20/2017,52,43,33,22,15,8,47,33,18,30.16,30.08,29.98,10,10,10,14,5,0,
3/21/2017,59,51,42,31,25,21,49,40,30,29.98,29.89,29.81,10,10,10,13,4,0,
3/22/2017,50,37,24,23,6,-5,45,32,19,30.45,30.13,29.86,10,10,10,24,12,0,
3/23/2017,42,33,23,20,2,-3,50,33,15,30.61,30.53,30.46,10,10,10,13,5,0,
3/24/2017,57,47,36,34,25,12,52,43,33,30.52,30.32,30.11,10,10,10,15,6,T,
3/25/2017,62,52,42,41,38,33,89,66,42,30.41,30.22,30.06,10,10,8,16,7,0.01,
3/26/2017,42,40,37,38,34,30,92,81,70,30.49,30.42,30.32,10,8,2,18,8,0.14,Rain
3/27/2017,53,45,37,46,41,37,100,89,77,30.31,30.11,29.99,8,4,0,12,4,0.26,"Fog , Rain"
3/28/2017,46,44,41,44,42,39,100,95,89,30,29.95,29.87,10,4,1,14,6,0.72,Rain
3/29/2017,60,51,42,43,34,22,92,61,30,30.23,30.06,29.92,10,10,4,18,8,0,
3/30/2017,52,45,38,31,24,21,58,44,30,30.27,30.2,30.13,10,10,10,15,6,0.01,
3/31/2017,43,40,37,39,38,31,100,93,85,30.16,29.95,29.7,9,3,2,26,10,1.51,Rain
4/1/2017,48,43,37,36,35,33,92,76,60,30.04,29.8,29.65,10,8,2,26,8,0,
4/2/2017,63,52,40,35,29,24,70,47,23,30.15,30.08,30.04,10,10,10,14,5,0,
4/3/2017,63,56,48,39,32,28,59,45,30,30.13,30.04,29.88,10,10,9,18,5,0.03,Rain
4/4/2017,51,48,45,51,47,43,100,87,74,29.82,29.67,29.57,10,5,1,18,7,1.18,Rain
4/5/2017,65,55,45,46,44,40,100,73,46,29.99,29.88,29.75,10,6,2,14,3,0,
4/6/2017,53,47,40,47,41,39,100,88,76,29.98,29.58,29.2,10,5,1,22,9,0.73,Rain
4/7/2017,51,46,40,44,33,26,80,65,50,29.67,29.41,29.29,10,10,10,17,11,T,
4/8/2017,57,49,40,27,21,19,59,42,24,30.03,29.82,29.68,10,10,10,17,8,0,
4/9/2017,67,56,45,36,25,19,50,35,20,30.17,30.12,30.04,10,10,10,13,5,0,
4/10/2017,74,64,53,45,38,29,46,38,29,30.21,30.15,30.07,10,10,10,13,6,0,
4/11/2017,80,71,61,52,48,44,67,49,30,30.15,30.1,30.06,10,10,10,14,6,0,
4/12/2017,76,67,58,57,50,35,80,53,25,30.25,30.14,30.08,10,10,4,10,3,0.02,Rain
4/13/2017,65,57,48,45,30,23,62,43,24,30.37,30.33,30.28,10,10,9,14,5,0,
4/14/2017,66,57,48,33,28,23,46,33,20,30.42,30.37,30.33,10,10,10,10,4,0,
4/15/2017,65,58,51,55,41,31,78,57,36,30.4,30.28,30.09,10,10,10,12,6,0,
4/16/2017,87,73,59,60,55,49,90,60,29,30.06,29.91,29.76,10,10,4,21,7,T,Rain
4/17/2017,74,66,58,58,41,25,73,46,19,30.16,29.97,29.85,10,10,10,14,7,T,
4/18/2017,65,56,47,40,34,27,71,49,26,30.52,30.36,30.17,10,10,10,15,7,0,
4/19/2017,54,50,45,44,39,36,86,73,59,30.54,30.43,30.22,10,10,10,16,6,T,Rain
4/20/2017,66,58,50,51,49,44,93,77,60,30.21,30.11,30.02,10,7,2,13,4,0.17,Rain
4/21/2017,53,51,48,50,48,47,100,92,83,30.07,29.98,29.89,10,6,2,14,7,0.29,Rain
4/22/2017,57,53,49,52,48,39,93,78,63,30.01,29.94,29.9,10,8,2,10,4,0.11,Rain
4/23/2017,66,56,46,41,37,33,71,51,31,30.14,30.09,30.03,10,10,10,12,5,0,
4/24/2017,60,54,48,45,42,38,80,66,51,30.18,30.14,30.11,10,10,9,10,4,T,
4/25/2017,54,52,49,52,50,45,100,89,77,30.12,30,29.86,10,6,1,25,13,0.91,Rain
4/26/2017,60,57,53,58,55,52,100,94,87,29.87,29.79,29.76,10,4,1,18,5,0.34,Rain
4/27/2017,70,64,57,61,58,56,100,84,68,29.95,29.89,29.85,8,3,1,16,3,0,
4/28/2017,85,72,58,61,55,41,100,63,26,30.04,29.95,29.86,10,5,1,12,3,T,Rain
4/29/2017,85,75,64,65,60,53,93,68,43,30.12,30,29.94,10,9,2,23,5,0.06,Rain
4/30/2017,67,60,52,52,41,37,66,54,42,30.25,30.2,30.12,10,10,10,14,7,0,
5/1/2017,74,62,49,60,53,46,100,80,59,30.14,29.92,29.65,10,6,3,12,5,0,
5/2/2017,75,69,62,64,52,34,93,61,28,29.78,29.62,29.57,10,9,8,20,8,T,
5/3/2017,65,58,51,38,34,29,47,39,30,30.2,29.93,29.78,10,10,10,18,8,0,
5/4/2017,64,56,47,42,34,28,71,49,27,30.29,30.22,30.12,10,10,10,13,5,0,
5/5/2017,59,55,51,59,53,43,100,86,71,30.1,29.73,29.52,10,4,0,16,6,3.02,"Fog , Rain"
5/6/2017,67,60,52,59,55,45,100,84,67,29.54,29.43,29.37,10,5,1,15,6,0.18,Rain
5/7/2017,56,52,47,46,41,37,77,68,59,29.8,29.65,29.5,10,10,5,14,6,0.01,Rain
5/8/2017,57,51,44,37,31,26,76,54,32,29.92,29.87,29.8,10,10,10,15,6,0,
5/9/2017,63,55,47,42,34,25,71,48,25,30,29.96,29.92,10,10,10,12,4,0,
5/10/2017,63,56,49,43,38,36,71,50,28,30.08,30.02,29.99,10,10,10,7,3,0,
5/11/2017,62,57,51,42,37,34,71,55,39,30.07,30.02,29.98,10,10,10,7,4,0,
5/12/2017,65,57,48,45,43,40,80,63,46,30.1,30.05,30.02,10,10,10,12,4,0,
5/13/2017,53,49,45,50,47,44,100,86,71,30,29.87,29.76,10,4,2,18,8,1.61,Rain
5/14/2017,67,57,46,50,44,40,93,69,44,29.75,29.67,29.57,10,10,2,15,5,0.02,Rain
5/15/2017,68,61,53,44,42,40,66,52,37,29.93,29.74,29.63,10,10,10,18,9,0,
5/16/2017,79,68,56,46,45,43,67,48,29,30.02,29.98,29.93,10,10,10,12,4,0,
5/17/2017,90,78,65,63,56,46,60,47,34,30.02,29.96,29.89,10,10,10,12,6,0,
5/18/2017,92,84,75,65,63,58,69,51,32,29.96,29.89,29.82,10,10,10,14,6,0,
5/19/2017,91,79,66,66,62,50,74,55,36,30.05,29.88,29.83,10,10,10,16,6,0,
5/20/2017,65,60,55,51,44,40,61,52,43,30.34,30.25,30.06,10,10,10,16,4,0.01,Rain
5/21/2017,69,61,52,45,39,32,71,50,28,30.38,30.33,30.25,10,10,10,12,4,0,
5/22/2017,61,57,53,60,57,44,100,81,62,30.23,30.06,29.95,10,4,1,10,3,0.59,Rain
5/23/2017,69,63,56,59,52,46,93,69,45,29.98,29.91,29.78,10,9,5,10,2,0,
5/24/2017,69,63,56,55,51,47,87,68,48,29.83,29.77,29.73,10,10,8,14,5,0.04,Rain
5/25/2017,59,58,56,57,55,51,100,88,75,29.81,29.63,29.48,10,4,1,16,8,0.58,Rain
5/26/2017,73,65,56,59,55,51,93,71,49,29.8,29.59,29.46,10,9,2,16,5,0.1,Rain
5/27/2017,71,65,59,57,55,53,84,71,57,29.93,29.87,29.81,10,10,10,8,3,0,
5/28/2017,71,65,58,59,55,49,100,78,56,29.97,29.94,29.89,10,8,3,12,4,0,
5/29/2017,61,59,56,55,54,51,100,86,72,30.11,29.98,29.87,10,9,5,12,5,0.13,Rain
5/30/2017,60,58,55,57,54,51,100,90,80,30.2,30.14,30.1,10,8,2,12,3,0.06,Rain
5/31/2017,75,67,58,62,59,57,100,80,60,30.12,30.02,29.91,10,6,2,12,3,0.03,
6/1/2017,79,69,59,61,52,44,93,63,32,29.97,29.92,29.87,10,10,7,13,4,T,
6/2/2017,76,67,57,47,42,32,62,42,22,29.99,29.95,29.88,10,10,10,16,4,0.01,
6/3/2017,73,64,55,50,41,37,67,48,29,30.01,29.96,29.93,10,10,9,13,4,0.01,Rain
6/4/2017,70,63,56,57,48,39,84,62,40,30.03,29.95,29.83,10,10,9,8,2,0.09,Rain
6/5/2017,67,63,58,61,59,57,100,91,81,29.83,29.77,29.73,8,4,1,16,5,0.02,Rain
6/6/2017,58,55,52,57,52,45,100,89,77,29.95,29.81,29.7,10,8,2,13,7,0.06,Rain
6/7/2017,67,59,51,50,47,45,77,65,52,30.02,29.98,29.93,10,10,10,12,3,0,
6/8/2017,69,62,55,57,48,38,83,63,42,30.02,29.96,29.82,10,10,10,9,4,0,
6/9/2017,80,67,53,51,48,45,83,57,30,29.88,29.77,29.74,10,10,10,13,5,0,
6/10/2017,85,76,66,58,54,50,58,48,37,30.02,29.96,29.89,10,10,10,14,4,0,
6/11/2017,90,81,72,62,60,57,68,52,36,30.07,30.03,29.98,10,10,9,14,5,0,
6/12/2017,93,85,76,63,61,58,64,49,34,30.05,29.98,29.91,10,10,10,12,4,0,
6/13/2017,94,86,77,68,64,60,62,48,33,29.95,29.89,29.81,10,10,9,10,3,T,
6/14/2017,84,77,69,69,62,47,93,67,41,30.04,29.98,29.88,10,8,0,13,5,0.29,"Fog , Rain"
6/15/2017,76,70,64,58,53,47,78,60,41,30.07,30.04,30.02,10,10,10,12,4,0,
6/16/2017,68,66,63,63,61,56,87,80,73,30.04,29.98,29.93,10,9,6,10,5,0,
6/17/2017,74,70,66,70,67,63,97,88,79,29.98,29.95,29.91,9,5,0,7,2,1.39,"Fog , Rain"
6/18/2017,85,78,70,74,71,68,100,85,69,29.95,29.88,29.77,10,6,2,10,4,T,
6/19/2017,88,79,70,75,71,69,100,80,59,29.91,29.83,29.75,10,6,0,13,4,1.35,"Fog , Rain"
6/20/2017,83,77,71,70,62,51,93,64,34,29.95,29.89,29.83,10,8,3,15,5,0.03,Rain
6/21/2017,83,77,71,64,59,55,73,57,40,29.95,29.91,29.86,10,10,10,13,5,0,
6/22/2017,83,76,68,69,61,55,78,62,45,30.03,29.96,29.9,10,10,10,8,2,0,
6/23/2017,83,80,76,75,72,69,88,79,69,29.89,29.74,29.62,10,9,5,15,5,0.04,Rain
6/24/2017,84,78,71,73,66,53,94,66,37,29.9,29.68,29.57,10,7,0,17,5,1.29,"Fog , Rain"
6/25/2017,83,76,68,61,57,49,73,56,38,29.99,29.95,29.92,10,10,10,12,3,0,
6/26/2017,79,72,64,54,50,46,63,48,33,30.04,30,29.97,10,10,10,12,3,0,
6/27/2017,77,69,60,63,55,46,97,69,41,30.04,29.98,29.93,10,9,2,12,4,0.18,Rain
6/28/2017,78,70,61,52,49,47,67,50,32,30.13,30.09,30.03,10,10,10,15,5,0,
6/29/2017,82,75,68,66,60,51,68,59,49,30.16,30.09,30.02,10,10,10,12,5,0,
6/30/2017,88,81,73,70,66,60,69,61,53,30.03,29.97,29.88,10,10,10,13,6,T,
7/1/2017,85,78,71,76,71,67,93,79,65,30,29.93,29.85,10,9,1,14,4,0.23,Rain
7/2/2017,87,80,72,71,66,61,100,72,43,29.99,29.95,29.91,10,9,5,12,5,0,
7/3/2017,88,80,71,71,64,58,79,60,40,30.02,29.98,29.94,10,8,0,16,2,0.45,"Fog , Rain"
7/4/2017,85,78,70,67,59,55,84,63,42,30.14,30.06,30,10,10,5,8,3,0,
7/5/2017,85,78,70,63,58,52,64,52,40,30.21,30.17,30.11,10,10,7,12,5,0,
7/6/2017,77,74,71,65,61,54,73,60,46,30.17,30.09,29.97,10,10,10,10,4,T,
7/7/2017,80,74,68,71,68,65,97,82,67,29.96,29.8,29.72,10,6,0,14,5,1.78,"Fog , Rain"
7/8/2017,84,77,69,70,66,60,97,76,54,29.87,29.77,29.73,10,9,4,16,3,0,
7/9/2017,81,74,67,60,54,50,64,50,36,30.06,29.99,29.88,10,10,10,12,4,0,
7/10/2017,84,76,68,67,60,52,69,56,43,30.08,30.02,29.95,10,10,2,10,3,0,
7/11/2017,85,80,75,70,69,67,82,71,59,29.96,29.94,29.91,10,10,9,13,3,0,
7/12/2017,88,83,77,71,70,69,79,67,55,30.01,29.97,29.92,10,10,10,16,5,0,
7/13/2017,90,85,79,73,70,68,74,65,55,30.05,29.99,29.94,10,10,9,14,5,0,Rain
7/14/2017,73,69,65,70,66,63,97,88,79,30.13,30.05,29.96,10,5,1,13,5,0.35,Rain
7/15/2017,84,76,68,69,66,59,97,74,51,29.99,29.95,29.88,10,6,2,12,3,0,
7/16/2017,87,78,68,65,63,61,78,61,44,30,29.95,29.93,10,10,10,9,3,0,
7/17/2017,85,79,73,72,69,65,82,69,55,30.1,30.04,30,10,10,10,12,3,0,
7/18/2017,88,81,73,71,69,67,87,70,53,30.11,30.07,30.04,10,10,10,10,3,0,
7/19/2017,92,85,77,72,68,58,82,58,34,30.06,30.01,29.96,10,10,9,12,3,0,
7/20/2017,94,86,77,72,68,62,74,58,41,29.99,29.93,29.86,10,9,4,12,3,0.01,Rain
7/21/2017,92,84,76,69,67,63,76,59,41,29.93,29.88,29.85,10,10,10,10,4,0,
7/22/2017,92,82,71,72,66,57,79,56,32,29.89,29.83,29.75,10,9,2,8,2,0.57,Rain
7/23/2017,79,75,71,72,70,66,100,87,74,29.89,29.81,29.73,10,5,0,10,3,0.06,"Fog , Rain"
7/24/2017,73,68,63,68,63,58,97,84,70,29.96,29.83,29.75,10,6,0,15,7,0.74,"Fog , Rain"
7/25/2017,71,67,62,61,59,57,90,79,68,30.22,30.1,29.97,10,10,9,10,5,0,
7/26/2017,77,71,65,60,56,53,78,64,49,30.26,30.21,30.14,10,10,10,9,4,0,
7/27/2017,78,72,65,70,66,57,87,78,68,30.12,29.98,29.87,10,10,9,9,2,T,Rain
7/28/2017,85,78,71,70,68,60,93,72,51,29.89,29.84,29.78,10,8,5,12,3,0,
7/29/2017,77,72,67,59,54,49,61,53,44,29.9,29.81,29.76,10,10,10,17,9,0,
7/30/2017,82,73,64,56,51,49,63,48,33,30.07,29.99,29.9,10,10,10,12,4,0,
7/31/2017,88,77,66,62,58,53,68,53,36,30.08,30.04,30,10,10,10,9,2,0,
8/1/2017,92,82,71,65,62,57,69,51,32,30.06,30.02,29.99,10,10,10,8,3,0,
8/2/2017,86,78,69,72,68,65,90,71,51,30.13,30.06,30.02,10,8,1,12,2,0.09,Rain
8/3/2017,87,78,68,69,66,64,90,69,48,30.16,30.1,30.05,10,8,4,9,2,0,
8/4/2017,84,77,69,73,69,60,100,74,47,30.09,30.02,29.93,10,8,1,13,4,0.15,Rain
8/5/2017,78,74,69,73,67,52,93,70,46,29.99,29.9,29.83,10,8,2,14,5,0.3,Rain
8/6/2017,76,70,64,56,53,50,67,54,41,30.12,30.08,29.99,10,10,10,10,4,0,
8/7/2017,71,68,64,66,63,54,100,79,57,30.13,30.05,29.91,10,4,1,9,3,0.76,Rain
8/8/2017,78,72,65,65,62,55,100,74,47,30.09,29.96,29.88,10,8,2,9,3,0,
8/9/2017,85,75,64,60,57,54,78,59,40,30.23,30.18,30.1,10,10,10,8,1,0,
8/10/2017,83,76,68,62,60,56,78,62,46,30.25,30.21,30.17,10,10,8,9,2,0,
8/11/2017,82,76,69,65,60,55,73,59,45,30.18,30.11,30.01,10,10,9,12,3,T,
8/12/2017,77,71,64,71,67,61,100,87,74,30.02,29.94,29.87,10,9,4,9,3,0.11,Rain
8/13/2017,83,77,71,70,64,57,93,68,43,30.02,29.92,29.85,10,10,8,10,4,0,
8/14/2017,80,75,70,67,63,60,79,67,54,30.04,30,29.95,10,10,9,9,2,0,
8/15/2017,74,71,68,72,69,64,100,87,73,29.98,29.94,29.9,10,4,1,8,1,0.45,Rain
8/16/2017,87,79,70,70,65,60,97,71,44,30.02,29.96,29.91,10,7,2,10,2,0,
8/17/2017,83,76,69,71,61,54,87,67,47,30.08,30.02,29.97,10,10,7,10,3,0,
8/18/2017,82,78,73,77,73,68,97,88,79,29.98,29.87,29.77,10,5,0,10,3,0.88,"Fog , Rain"
8/19/2017,86,80,73,72,68,62,93,71,48,29.89,29.83,29.78,10,9,5,12,3,0,
8/20/2017,81,75,69,65,60,57,73,59,45,30.16,30.04,29.89,10,10,10,10,5,0,
8/21/2017,87,79,71,70,64,60,76,60,44,30.2,30.15,30.09,10,10,9,12,3,0,
8/22/2017,89,81,72,74,72,70,93,75,57,30.08,29.95,29.75,10,8,3,14,5,0.3,Rain
8/23/2017,81,76,70,72,62,51,93,66,39,29.88,29.82,29.75,10,8,2,10,4,T,Rain
8/24/2017,80,73,65,57,52,46,68,50,32,29.99,29.93,29.88,10,10,10,10,3,0,
8/25/2017,78,71,63,58,54,51,78,60,42,30.19,30.1,29.99,10,10,10,9,2,0,
8/26/2017,78,70,62,55,48,43,72,51,29,30.28,30.24,30.21,10,10,10,9,4,0,
8/27/2017,78,71,63,55,50,42,67,48,29,30.28,30.26,30.22,10,10,10,13,4,0,
8/28/2017,76,70,63,58,53,48,78,58,38,30.31,30.28,30.24,10,10,2,16,6,0,
8/29/2017,68,66,64,62,59,55,87,78,68,30.26,30.15,30.01,10,9,4,15,8,0.1,Rain
8/30/2017,78,69,60,59,55,50,97,69,41,30.02,29.95,29.92,10,10,5,13,5,0.01,Rain
8/31/2017,81,73,64,61,56,48,78,61,44,30,29.93,29.88,10,10,9,14,4,0,
9/1/2017,71,63,55,47,40,33,60,43,26,30.18,30.1,30.02,10,10,10,10,5,0,
9/2/2017,68,61,54,57,50,40,100,72,43,30.25,30.18,30.09,10,7,2,10,6,0.53,Rain
9/3/2017,69,64,59,63,60,57,100,84,68,30.12,29.94,29.85,10,6,0,12,6,0.74,"Fog , Rain"
9/4/2017,80,71,61,60,57,55,84,65,45,29.99,29.92,29.86,10,10,10,12,5,0,
9/5/2017,85,77,69,69,65,60,84,70,55,29.84,29.79,29.72,10,9,8,15,3,T,
9/6/2017,72,67,61,67,62,58,93,81,68,29.93,29.89,29.81,10,6,1,14,4,0.42,Rain
9/7/2017,71,65,59,61,56,49,100,76,51,30.02,29.89,29.82,10,8,2,14,5,0.01,Rain
9/8/2017,71,65,58,52,50,48,75,61,47,30.19,30.1,30.03,10,10,10,13,4,0,
9/9/2017,70,63,55,50,48,46,77,61,44,30.3,30.25,30.19,10,10,10,12,4,0,
9/10/2017,72,65,57,52,49,44,80,61,42,30.37,30.34,30.3,10,10,10,15,6,0,
9/11/2017,76,66,55,51,48,44,83,58,33,30.36,30.25,30.13,10,10,10,9,2,0,
9/12/2017,78,69,59,59,55,52,84,62,39,30.12,30.01,29.92,10,10,10,8,1,0,
9/13/2017,83,74,64,69,63,56,93,69,45,29.94,29.9,29.87,10,9,1,9,2,0.06,Rain
9/14/2017,81,76,70,70,67,63,97,78,58,29.94,29.88,29.84,10,9,6,10,2,0.02,
9/15/2017,81,74,67,68,64,62,87,74,60,30.09,30.03,29.95,10,10,8,8,2,0,
9/16/2017,82,76,70,69,68,67,97,78,58,30.19,30.14,30.09,10,5,1,9,3,0,
9/17/2017,81,75,68,68,66,63,97,76,54,30.2,30.15,30.1,10,5,2,8,3,0,
9/18/2017,73,71,68,67,66,64,90,85,79,30.16,30.12,30.08,10,9,2,13,7,0,
9/19/2017,78,74,69,68,65,62,90,74,58,30.07,29.96,29.86,10,9,2,21,10,0.22,Rain
9/20/2017,79,75,71,65,64,63,79,70,60,29.94,29.88,29.81,10,10,10,15,6,0,
9/21/2017,80,76,71,64,63,60,79,65,51,30.02,29.99,29.94,10,10,10,13,6,0,
9/22/2017,82,74,66,59,52,48,61,51,40,30.02,29.99,29.94,10,10,10,14,7,0,
9/23/2017,87,78,68,57,53,45,61,42,23,30.06,30.02,29.98,10,10,10,12,5,0,
9/24/2017,91,80,69,64,62,56,78,60,41,30.08,30.05,30.01,10,10,10,9,2,0,
9/25/2017,88,79,70,67,65,63,84,66,48,30.08,30.04,30.01,10,10,9,9,3,0,
9/26/2017,84,76,68,67,66,64,90,73,55,30.09,30.02,29.96,10,10,6,8,2,0,
9/27/2017,87,78,69,73,69,66,94,78,61,29.96,29.89,29.75,10,10,10,12,4,0,
9/28/2017,79,69,59,73,57,43,94,63,32,29.97,29.79,29.72,10,10,7,15,6,0,
9/29/2017,68,62,55,46,44,40,72,57,42,30.07,30.02,29.99,10,10,9,9,3,0,
9/30/2017,66,60,54,50,48,46,77,65,52,30.37,30.18,30,10,10,9,17,6,0,
10/1/2017,68,59,50,48,44,39,89,63,37,30.41,30.35,30.28,10,10,10,10,3,0,
10/2/2017,73,63,52,51,43,33,83,54,25,30.51,30.4,30.31,10,10,10,8,3,0,
10/3/2017,71,64,57,53,49,45,80,64,47,30.65,30.58,30.52,10,10,9,9,3,0,
10/4/2017,75,66,56,57,54,49,86,68,50,30.53,30.35,30.2,10,10,10,14,5,0,
10/5/2017,83,74,65,66,59,56,78,64,49,30.19,30.1,30.03,10,10,9,14,5,T,Rain
10/6/2017,82,75,68,66,62,56,84,65,45,30.12,30.07,30.04,10,10,9,10,2,0,
10/7/2017,81,74,66,67,65,61,100,77,54,30.16,30.1,30.03,10,7,2,10,4,0,
10/8/2017,77,75,72,73,70,67,100,88,76,30.02,29.96,29.91,10,8,1,12,5,0.22,Rain
10/9/2017,77,74,71,74,72,71,100,94,87,30.02,29.91,29.83,10,6,2,12,5,0.26,Rain
10/10/2017,81,74,66,67,61,59,81,65,49,30.11,30.04,29.94,10,10,10,9,3,0,
10/11/2017,77,69,60,64,59,55,100,79,57,30.18,30.13,30.08,10,10,6,14,6,0.06,Rain
10/12/2017,64,60,55,57,51,44,86,71,55,30.41,30.33,30.19,10,10,6,18,9,0.07,Rain
10/13/2017,67,60,52,57,51,45,84,74,63,30.47,30.4,30.33,10,10,9,12,6,0,
10/14/2017,72,67,61,63,61,58,93,83,73,30.34,30.23,30.16,10,8,2,8,3,0.08,Rain
10/15/2017,74,70,65,65,63,61,93,83,73,30.15,30.01,29.8,10,8,3,15,4,T,
10/16/2017,69,58,46,65,46,28,87,67,46,30.22,29.99,29.81,10,9,7,13,7,0.01,Rain
10/17/2017,58,50,42,40,33,29,70,52,33,30.35,30.29,30.22,10,10,10,10,4,0,
10/18/2017,72,61,50,50,42,36,61,49,37,30.33,30.29,30.25,10,9,4,10,4,0,
10/19/2017,71,64,56,47,44,41,72,54,36,30.27,30.18,30.08,10,10,9,13,4,0,
10/20/2017,73,65,57,47,38,25,67,42,17,30.22,30.14,30.08,10,10,8,12,4,0,
10/21/2017,78,67,56,47,39,35,52,37,22,30.35,30.31,30.22,10,10,10,8,2,0,
10/22/2017,76,67,57,57,48,41,84,57,29,30.42,30.37,30.35,10,10,6,8,2,0,
10/23/2017,74,68,61,65,61,58,93,81,68,30.36,30.29,29.98,10,9,8,7,4,0,
10/24/2017,74,70,66,68,66,65,100,90,79,29.99,29.82,29.75,10,7,2,16,6,0.2,Rain
10/25/2017,67,62,57,64,49,38,93,68,43,29.74,29.71,29.67,10,10,7,9,2,0,
10/26/2017,58,56,53,44,39,34,66,57,47,29.91,29.72,29.65,10,10,10,12,6,0,
10/27/2017,62,55,47,46,38,34,67,51,34,30.12,30.06,29.93,10,10,2,10,4,0,
10/28/2017,69,62,55,61,51,37,87,61,34,30.07,29.99,29.9,10,10,9,12,5,0,
10/29/2017,67,64,60,66,62,59,100,94,87,29.91,29.53,28.92,10,4,0,18,7,3.03,"Fog , Rain"
10/30/2017,61,54,46,58,42,33,93,68,43,29.86,29.4,28.96,10,9,2,20,9,0.25,Rain
10/31/2017,57,51,45,39,32,27,71,53,35,30.25,30.05,29.87,10,10,10,17,6,0,
11/1/2017,59,51,43,52,38,28,75,63,50,30.36,30.3,30.26,10,10,10,10,3,0,
11/2/2017,72,65,58,61,58,52,97,82,66,30.3,30.23,30.17,10,9,6,9,3,0,
11/3/2017,74,63,51,59,54,35,90,72,54,30.22,30.07,29.96,10,10,7,15,6,0,
11/4/2017,56,51,46,45,37,31,71,56,41,30.35,30.31,30.24,10,10,10,13,6,0,
11/5/2017,61,56,51,60,53,44,100,86,71,30.34,30.19,30.04,10,7,1,12,4,0.02,Rain
11/6/2017,66,56,46,60,54,36,97,82,66,30.12,29.97,29.88,10,9,5,13,5,0.01,Rain
11/7/2017,49,45,40,39,35,32,93,75,56,30.22,30.17,30.11,10,8,3,13,6,0.7,Rain
11/8/2017,49,44,39,38,36,33,92,79,65,30.27,30.23,30.17,10,10,10,14,5,0,
11/9/2017,55,47,39,46,39,34,85,70,54,30.24,30.13,29.95,10,10,4,10,3,T,
11/10/2017,51,38,25,47,21,5,86,58,29,30.51,30.19,29.93,10,10,9,18,9,0.01,
11/11/2017,38,31,24,16,10,6,60,44,27,30.57,30.53,30.49,10,10,10,13,5,0,
11/12/2017,46,39,32,30,23,14,64,49,34,30.5,30.45,30.39,10,10,10,10,2,0,
11/13/2017,47,43,39,40,34,27,89,71,53,30.38,30.32,30.27,10,9,4,12,4,0.07,Rain
11/14/2017,48,42,35,34,33,30,82,71,60,30.36,30.31,30.28,10,10,9,12,5,0,
11/15/2017,51,44,37,41,33,28,76,66,56,30.31,30.21,30.04,10,10,10,10,5,0,
11/16/2017,57,50,43,50,43,33,89,68,47,30.02,29.88,29.75,10,9,2,15,7,0.2,Rain
11/17/2017,47,42,37,32,21,14,67,48,28,30.09,30.04,29.91,10,10,10,12,8,0,
11/18/2017,56,45,34,49,32,17,93,67,40,30.04,29.79,29.41,10,10,5,8,3,0.1,Rain
11/19/2017,59,49,38,56,37,24,93,68,42,29.79,29.49,29.22,10,10,4,20,10,0.23,Rain
11/20/2017,47,42,36,27,24,20,64,51,37,30.13,30.02,29.81,10,10,10,16,7,T,
11/21/2017,58,50,42,40,31,24,59,46,33,30.13,30.07,30.01,10,10,10,14,5,0,
11/22/2017,56,46,35,52,40,19,93,72,51,30.08,29.95,29.88,10,7,2,17,7,0.21,Rain
11/23/2017,43,37,31,21,19,17,59,48,36,30.12,30.06,30.01,10,10,10,9,5,0,
11/24/2017,50,43,35,29,23,20,56,44,31,30.06,30,29.93,10,10,10,9,4,0,
11/25/2017,57,50,43,34,32,29,62,51,39,29.92,29.77,29.67,10,10,10,9,4,0,
11/26/2017,51,46,40,36,27,23,62,50,38,30,29.92,29.76,10,10,10,17,7,0,
11/27/2017,51,45,39,26,24,22,54,45,36,30.3,30.08,29.95,10,10,9,14,7,0,
11/28/2017,54,45,36,43,33,21,74,60,45,30.45,30.35,30.19,10,10,10,13,5,0,
11/29/2017,63,53,42,44,33,19,80,50,20,30.32,30.15,30.05,10,10,7,15,5,0,
11/30/2017,53,46,38,46,34,24,83,66,49,30.35,30.19,30.02,10,10,10,14,4,0.03,Rain
12/1/2017,52,47,42,45,35,28,86,65,44,30.29,30.15,30.01,10,10,10,12,5,0,
12/2/2017,48,44,39,34,30,27,70,58,46,30.32,30.27,30.22,10,10,10,12,3,0,
12/3/2017,48,45,42,40,38,34,83,74,65,30.3,30.22,30.18,10,10,9,9,2,0,
12/4/2017,51,46,40,40,39,36,93,75,56,30.46,30.4,30.3,10,7,3,10,4,0,
12/5/2017,61,56,50,57,52,39,100,81,61,30.36,30.06,29.8,10,7,1,14,7,0.75,Rain
12/6/2017,59,50,40,55,28,15,93,63,33,30.01,29.93,29.81,10,10,9,16,8,0,
12/7/2017,44,41,37,25,20,15,54,43,31,30.03,29.99,29.95,10,10,10,17,7,0,
12/8/2017,39,37,34,24,17,14,59,48,37,30.1,30.04,29.96,10,10,10,12,5,0,
12/9/2017,35,33,30,31,27,16,100,72,44,29.97,29.83,29.72,10,3,0,10,4,0.46,"Fog , Snow"
12/10/2017,39,34,29,29,23,20,92,70,48,30.01,29.89,29.73,10,7,3,15,7,0,
12/11/2017,41,37,33,27,22,19,75,58,41,30.03,30,29.94,10,10,10,13,5,0,
12/12/2017,50,40,29,41,32,8,71,60,48,29.9,29.56,29.42,10,10,6,17,7,T,Snow
12/13/2017,31,26,20,12,6,1,52,42,31,29.68,29.58,29.48,10,10,6,22,11,T,
12/14/2017,32,27,22,25,18,5,92,67,42,30.09,29.72,29.53,10,6,1,16,6,0.09,Snow
12/15/2017,28,24,20,21,16,5,88,68,47,30.11,29.98,29.89,10,5,0,12,4,0.11,"Fog , Snow"
12/16/2017,39,31,23,25,20,16,81,67,52,30.2,30.03,29.9,10,9,7,17,7,0,
12/17/2017,38,35,32,26,23,20,70,62,54,30.31,30.25,30.2,10,10,10,9,3,0,
12/18/2017,47,41,34,35,32,24,89,75,60,30.19,30.06,29.92,10,9,5,13,5,0.02,
12/19/2017,55,50,45,38,36,33,71,57,43,29.92,29.83,29.71,10,10,9,16,8,0,
12/20/2017,51,43,34,34,21,15,54,44,33,30.04,29.9,29.7,10,10,10,16,7,0,
12/21/2017,39,36,32,18,16,14,51,44,37,30.28,30.19,30.04,10,10,10,10,4,0,
12/22/2017,50,43,35,42,30,18,86,62,37,30.29,30.21,30.13,10,10,6,10,4,0,
12/23/2017,48,43,38,46,40,33,100,93,85,30.16,29.89,29.65,10,4,1,13,5,0.49,Rain
12/24/2017,41,39,36,34,28,24,92,73,54,30.23,30.09,29.85,10,9,5,15,8,0.01,
12/25/2017,38,33,28,37,23,8,100,69,38,30.23,29.86,29.64,10,8,2,24,11,0.23,"Rain , Snow"
12/26/2017,28,26,23,8,2,0,42,37,32,30.46,30.37,30.24,10,10,10,18,9,0,
12/27/2017,24,21,17,5,1,-3,47,40,32,30.51,30.48,30.42,10,10,10,14,6,0,
12/28/2017,18,15,11,2,-4,-8,55,44,33,30.56,30.49,30.42,10,10,10,17,8,0,
12/29/2017,22,17,11,4,1,-3,58,50,41,30.4,30.29,30.2,10,10,10,13,7,0,
12/30/2017,23,20,17,17,12,2,84,65,45,30.24,30.03,29.9,10,6,0,14,5,0.05,Snow
12/31/2017,21,15,9,11,-1,-5,73,58,42,30.33,30.24,30.05,10,10,10,17,9,0,